base_id,experiment_id,method,configured_seed,primary_metric
mv_feeder,m0,independent,deterministic,389305.16
mv_feeder,m1,independent,deterministic,389305.16
mv_feeder,m1,static_gaussian,deterministic,343244.56
mv_feeder,m2,conditional_low_rank,101,351252.56
mv_feeder,m2,conditional_low_rank,11,350463.25
mv_feeder,m2,conditional_low_rank,131,350021.16
mv_feeder,m2,conditional_low_rank,23,348356.12
mv_feeder,m2,conditional_low_rank,37,349500.12
mv_feeder,m2,conditional_low_rank,42,352148.8
mv_feeder,m2,conditional_low_rank,59,350024.88
mv_feeder,m2,conditional_low_rank,71,351048.97
mv_feeder,m2,conditional_low_rank,83,350314.7
mv_feeder,m2,conditional_low_rank,97,351043.1
mv_feeder,m2,independent,101,389305.16
mv_feeder,m2,independent,11,389305.16
mv_feeder,m2,independent,131,389305.16
mv_feeder,m2,independent,23,389305.16
mv_feeder,m2,independent,37,389305.16
mv_feeder,m2,independent,42,389305.16
mv_feeder,m2,independent,59,389305.16
mv_feeder,m2,independent,71,389305.16
mv_feeder,m2,independent,83,389305.16
mv_feeder,m2,independent,97,389305.16
mv_feeder,m3,independent,101,389305.16
mv_feeder,m3,independent,11,389305.16
mv_feeder,m3,independent,131,389305.16
mv_feeder,m3,independent,23,389305.16
mv_feeder,m3,independent,37,389305.16
mv_feeder,m3,independent,42,389305.16
mv_feeder,m3,independent,59,389305.16
mv_feeder,m3,independent,71,389305.16
mv_feeder,m3,independent,83,389305.16
mv_feeder,m3,independent,97,389305.16
mv_feeder,m3,set_aware_low_rank,101,349867.47
mv_feeder,m3,set_aware_low_rank,11,348701.78
mv_feeder,m3,set_aware_low_rank,131,349154.9
mv_feeder,m3,set_aware_low_rank,23,351913.53
mv_feeder,m3,set_aware_low_rank,37,347843.38
mv_feeder,m3,set_aware_low_rank,42,351707.7
mv_feeder,m3,set_aware_low_rank,59,349480.38
mv_feeder,m3,set_aware_low_rank,71,347715.03
mv_feeder,m3,set_aware_low_rank,83,350065.62
mv_feeder,m3,set_aware_low_rank,97,353124.62
mv_feeder,m4,conditional_kernel,101,345877.44
mv_feeder,m4,conditional_kernel,11,345104.22
mv_feeder,m4,conditional_kernel,131,346687.5
mv_feeder,m4,conditional_kernel,23,346844.84
mv_feeder,m4,conditional_kernel,37,348834.75
mv_feeder,m4,conditional_kernel,42,345117.38
mv_feeder,m4,conditional_kernel,59,347617.47
mv_feeder,m4,conditional_kernel,71,346109.8
mv_feeder,m4,conditional_kernel,83,346153.12
mv_feeder,m4,conditional_kernel,97,348325.22
mv_feeder,m4,independent,101,389305.16
mv_feeder,m4,independent,11,389305.16
mv_feeder,m4,independent,131,389305.16
mv_feeder,m4,independent,23,389305.16
mv_feeder,m4,independent,37,389305.16
mv_feeder,m4,independent,42,389305.16
mv_feeder,m4,independent,59,389305.16
mv_feeder,m4,independent,71,389305.16
mv_feeder,m4,independent,83,389305.16
mv_feeder,m4,independent,97,389305.16
solar_park,m0,independent,deterministic,0.016195403
solar_park,m1,independent,deterministic,0.016195403
solar_park,m1,static_gaussian,deterministic,0.016033
solar_park,m2,conditional_low_rank,101,0.016194742
solar_park,m2,conditional_low_rank,11,0.016132664
solar_park,m2,conditional_low_rank,131,0.016324462
solar_park,m2,conditional_low_rank,23,0.016354267
solar_park,m2,conditional_low_rank,37,0.016463265
solar_park,m2,conditional_low_rank,42,0.016356057
solar_park,m2,conditional_low_rank,59,0.016161269
solar_park,m2,conditional_low_rank,71,0.016518196
solar_park,m2,conditional_low_rank,83,0.016343366
solar_park,m2,conditional_low_rank,97,0.016442828
solar_park,m2,independent,101,0.016195403
solar_park,m2,independent,11,0.016195403
solar_park,m2,independent,131,0.016195403
solar_park,m2,independent,23,0.016195403
solar_park,m2,independent,37,0.016195403
solar_park,m2,independent,42,0.016195403
solar_park,m2,independent,59,0.016195403
solar_park,m2,independent,71,0.016195403
solar_park,m2,independent,83,0.016195403
solar_park,m2,independent,97,0.016195403
solar_park,m3,independent,101,0.016195403
solar_park,m3,independent,11,0.016195403
solar_park,m3,independent,131,0.016195403
solar_park,m3,independent,23,0.016195403
solar_park,m3,independent,37,0.016195403
solar_park,m3,independent,42,0.016195403
solar_park,m3,independent,59,0.016195403
solar_park,m3,independent,71,0.016195403
solar_park,m3,independent,83,0.016195403
solar_park,m3,independent,97,0.016195403
solar_park,m3,set_aware_low_rank,101,0.016282363
solar_park,m3,set_aware_low_rank,11,0.016197404
solar_park,m3,set_aware_low_rank,131,0.016296886
solar_park,m3,set_aware_low_rank,23,0.016245322
solar_park,m3,set_aware_low_rank,37,0.016509688
solar_park,m3,set_aware_low_rank,42,0.016239462
solar_park,m3,set_aware_low_rank,59,0.016186113
solar_park,m3,set_aware_low_rank,71,0.016430683
solar_park,m3,set_aware_low_rank,83,0.016331837
solar_park,m3,set_aware_low_rank,97,0.01626175
solar_park,m4,conditional_kernel,101,0.016497293
solar_park,m4,conditional_kernel,11,0.016444897
solar_park,m4,conditional_kernel,131,0.016452754
solar_park,m4,conditional_kernel,23,0.01652962
solar_park,m4,conditional_kernel,37,0.016504342
solar_park,m4,conditional_kernel,42,0.016487062
solar_park,m4,conditional_kernel,59,0.016496599
solar_park,m4,conditional_kernel,71,0.016398758
solar_park,m4,conditional_kernel,83,0.016430221
solar_park,m4,conditional_kernel,97,0.016511444
solar_park,m4,independent,101,0.016195403
solar_park,m4,independent,11,0.016195403
solar_park,m4,independent,131,0.016195403
solar_park,m4,independent,23,0.016195403
solar_park,m4,independent,37,0.016195403
solar_park,m4,independent,42,0.016195403
solar_park,m4,independent,59,0.016195403
solar_park,m4,independent,71,0.016195403
solar_park,m4,independent,83,0.016195403
solar_park,m4,independent,97,0.016195403
station_installation,m0,independent,deterministic,4.6824675e+06
station_installation,m1,independent,deterministic,4.6824675e+06
station_installation,m1,static_gaussian,deterministic,4.418405e+06
station_installation,m2,conditional_low_rank,101,4.4221135e+06
station_installation,m2,conditional_low_rank,11,4.4156695e+06
station_installation,m2,conditional_low_rank,131,4.4306215e+06
station_installation,m2,conditional_low_rank,23,4.410787e+06
station_installation,m2,conditional_low_rank,37,4.426131e+06
station_installation,m2,conditional_low_rank,42,4.4463075e+06
station_installation,m2,conditional_low_rank,59,4.4263375e+06
station_installation,m2,conditional_low_rank,71,4.423964e+06
station_installation,m2,conditional_low_rank,83,4.458033e+06
station_installation,m2,conditional_low_rank,97,4.4319485e+06
station_installation,m2,independent,101,4.6824675e+06
station_installation,m2,independent,11,4.6824675e+06
station_installation,m2,independent,131,4.6824675e+06
station_installation,m2,independent,23,4.6824675e+06
station_installation,m2,independent,37,4.6824675e+06
station_installation,m2,independent,42,4.6824675e+06
station_installation,m2,independent,59,4.6824675e+06
station_installation,m2,independent,71,4.6824675e+06
station_installation,m2,independent,83,4.6824675e+06
station_installation,m2,independent,97,4.6824675e+06
station_installation,m3,independent,101,4.6824675e+06
station_installation,m3,independent,11,4.6824675e+06
station_installation,m3,independent,131,4.6824675e+06
station_installation,m3,independent,23,4.6824675e+06
station_installation,m3,independent,37,4.6824675e+06
station_installation,m3,independent,42,4.6824675e+06
station_installation,m3,independent,59,4.6824675e+06
station_installation,m3,independent,71,4.6824675e+06
station_installation,m3,independent,83,4.6824675e+06
station_installation,m3,independent,97,4.6824675e+06
station_installation,m3,set_aware_low_rank,101,4.4135305e+06
station_installation,m3,set_aware_low_rank,11,4.4468725e+06
station_installation,m3,set_aware_low_rank,131,4.4221695e+06
station_installation,m3,set_aware_low_rank,23,4.429797e+06
station_installation,m3,set_aware_low_rank,37,4.449533e+06
station_installation,m3,set_aware_low_rank,42,4.426935e+06
station_installation,m3,set_aware_low_rank,59,4.4372515e+06
station_installation,m3,set_aware_low_rank,71,4.436175e+06
station_installation,m3,set_aware_low_rank,83,4.448149e+06
station_installation,m3,set_aware_low_rank,97,4.4603495e+06
station_installation,m4,conditional_kernel,101,4.425485e+06
station_installation,m4,conditional_kernel,11,4.4194075e+06
station_installation,m4,conditional_kernel,131,4.4104745e+06
station_installation,m4,conditional_kernel,23,4.4326265e+06
station_installation,m4,conditional_kernel,37,4.41733e+06
station_installation,m4,conditional_kernel,42,4.4344185e+06
station_installation,m4,conditional_kernel,59,4.4141355e+06
station_installation,m4,conditional_kernel,71,4.415247e+06
station_installation,m4,conditional_kernel,83,4.407944e+06
station_installation,m4,conditional_kernel,97,4.4626365e+06
station_installation,m4,independent,101,4.6824675e+06
station_installation,m4,independent,11,4.6824675e+06
station_installation,m4,independent,131,4.6824675e+06
station_installation,m4,independent,23,4.6824675e+06
station_installation,m4,independent,37,4.6824675e+06
station_installation,m4,independent,42,4.6824675e+06
station_installation,m4,independent,59,4.6824675e+06
station_installation,m4,independent,71,4.6824675e+06
station_installation,m4,independent,83,4.6824675e+06
station_installation,m4,independent,97,4.6824675e+06
transformer,m0,independent,deterministic,3.7647292e+06
transformer,m1,independent,deterministic,3.7647292e+06
transformer,m1,static_gaussian,deterministic,3.761604e+06
transformer,m2,conditional_low_rank,101,3.7497235e+06
transformer,m2,conditional_low_rank,11,3.7306895e+06
transformer,m2,conditional_low_rank,131,3.7285688e+06
transformer,m2,conditional_low_rank,23,3.746421e+06
transformer,m2,conditional_low_rank,37,3.738407e+06
transformer,m2,conditional_low_rank,42,3.7124148e+06
transformer,m2,conditional_low_rank,59,3.723529e+06
transformer,m2,conditional_low_rank,71,3.7478918e+06
transformer,m2,conditional_low_rank,83,3.7283822e+06
transformer,m2,conditional_low_rank,97,3.764688e+06
transformer,m2,independent,101,3.7647292e+06
transformer,m2,independent,11,3.7647292e+06
transformer,m2,independent,131,3.7647292e+06
transformer,m2,independent,23,3.7647292e+06
transformer,m2,independent,37,3.7647292e+06
transformer,m2,independent,42,3.7647292e+06
transformer,m2,independent,59,3.7647292e+06
transformer,m2,independent,71,3.7647292e+06
transformer,m2,independent,83,3.7647292e+06
transformer,m2,independent,97,3.7647292e+06
transformer,m3,independent,101,3.7647292e+06
transformer,m3,independent,11,3.7647292e+06
transformer,m3,independent,131,3.7647292e+06
transformer,m3,independent,23,3.7647292e+06
transformer,m3,independent,37,3.7647292e+06
transformer,m3,independent,42,3.7647292e+06
transformer,m3,independent,59,3.7647292e+06
transformer,m3,independent,71,3.7647292e+06
transformer,m3,independent,83,3.7647292e+06
transformer,m3,independent,97,3.7647292e+06
transformer,m3,set_aware_low_rank,101,3.733958e+06
transformer,m3,set_aware_low_rank,11,3.7474388e+06
transformer,m3,set_aware_low_rank,131,3.7467302e+06
transformer,m3,set_aware_low_rank,23,3.7550512e+06
transformer,m3,set_aware_low_rank,37,3.7454162e+06
transformer,m3,set_aware_low_rank,42,3.7370622e+06
transformer,m3,set_aware_low_rank,59,3.7377705e+06
transformer,m3,set_aware_low_rank,71,3.773741e+06
transformer,m3,set_aware_low_rank,83,3.7500702e+06
transformer,m3,set_aware_low_rank,97,3.7463375e+06
transformer,m4,conditional_kernel,101,4.125713e+06
transformer,m4,conditional_kernel,11,4.2345255e+06
transformer,m4,conditional_kernel,131,4.1539172e+06
transformer,m4,conditional_kernel,23,4.1137435e+06
transformer,m4,conditional_kernel,37,4.06929e+06
transformer,m4,conditional_kernel,42,4.0891862e+06
transformer,m4,conditional_kernel,59,4.130026e+06
transformer,m4,conditional_kernel,71,4.1345562e+06
transformer,m4,conditional_kernel,83,4.1067745e+06
transformer,m4,conditional_kernel,97,4.1167068e+06
transformer,m4,independent,101,3.7647292e+06
transformer,m4,independent,11,3.7647292e+06
transformer,m4,independent,131,3.7647292e+06
transformer,m4,independent,23,3.7647292e+06
transformer,m4,independent,37,3.7647292e+06
transformer,m4,independent,42,3.7647292e+06
transformer,m4,independent,59,3.7647292e+06
transformer,m4,independent,71,3.7647292e+06
transformer,m4,independent,83,3.7647292e+06
transformer,m4,independent,97,3.7647292e+06
wind_park,m0,independent,deterministic,0.09647619
wind_park,m1,independent,deterministic,0.09647619
wind_park,m1,static_gaussian,deterministic,0.0958486
wind_park,m2,conditional_low_rank,101,0.09836783
wind_park,m2,conditional_low_rank,11,0.0982885
wind_park,m2,conditional_low_rank,131,0.09868293
wind_park,m2,conditional_low_rank,23,0.097604446
wind_park,m2,conditional_low_rank,37,0.098236136
wind_park,m2,conditional_low_rank,42,0.09875514
wind_park,m2,conditional_low_rank,59,0.09732028
wind_park,m2,conditional_low_rank,71,0.09807518
wind_park,m2,conditional_low_rank,83,0.09821033
wind_park,m2,conditional_low_rank,97,0.097663954
wind_park,m2,independent,101,0.09647619
wind_park,m2,independent,11,0.09647619
wind_park,m2,independent,131,0.09647619
wind_park,m2,independent,23,0.09647619
wind_park,m2,independent,37,0.09647619
wind_park,m2,independent,42,0.09647619
wind_park,m2,independent,59,0.09647619
wind_park,m2,independent,71,0.09647619
wind_park,m2,independent,83,0.09647619
wind_park,m2,independent,97,0.09647619
wind_park,m3,independent,101,0.09647619
wind_park,m3,independent,11,0.09647619
wind_park,m3,independent,131,0.09647619
wind_park,m3,independent,23,0.09647619
wind_park,m3,independent,37,0.09647619
wind_park,m3,independent,42,0.09647619
wind_park,m3,independent,59,0.09647619
wind_park,m3,independent,71,0.09647619
wind_park,m3,independent,83,0.09647619
wind_park,m3,independent,97,0.09647619
wind_park,m3,set_aware_low_rank,101,0.09714552
wind_park,m3,set_aware_low_rank,11,0.09711556
wind_park,m3,set_aware_low_rank,131,0.09716316
wind_park,m3,set_aware_low_rank,23,0.09725982
wind_park,m3,set_aware_low_rank,37,0.09738752
wind_park,m3,set_aware_low_rank,42,0.09789723
wind_park,m3,set_aware_low_rank,59,0.09760161
wind_park,m3,set_aware_low_rank,71,0.0970942
wind_park,m3,set_aware_low_rank,83,0.09770397
wind_park,m3,set_aware_low_rank,97,0.097035155
wind_park,m4,conditional_kernel,101,0.098043084
wind_park,m4,conditional_kernel,11,0.098059796
wind_park,m4,conditional_kernel,131,0.09766851
wind_park,m4,conditional_kernel,23,0.098590694
wind_park,m4,conditional_kernel,37,0.097576305
wind_park,m4,conditional_kernel,42,0.09796131
wind_park,m4,conditional_kernel,59,0.09775921
wind_park,m4,conditional_kernel,71,0.09779973
wind_park,m4,conditional_kernel,83,0.097857594
wind_park,m4,conditional_kernel,97,0.09799084
wind_park,m4,independent,101,0.09647619
wind_park,m4,independent,11,0.09647619
wind_park,m4,independent,131,0.09647619
wind_park,m4,independent,23,0.09647619
wind_park,m4,independent,37,0.09647619
wind_park,m4,independent,42,0.09647619
wind_park,m4,independent,59,0.09647619
wind_park,m4,independent,71,0.09647619
wind_park,m4,independent,83,0.09647619
wind_park,m4,independent,97,0.09647619
