base_id,experiment_id,method,reference,mean_difference,percentage_difference,ci_lower,ci_upper,percentage_ci_lower,percentage_ci_upper,block_length,bootstrap_replicates,number_of_origins
mv_feeder,m1,static_gaussian,independent,-46060.58671875,-11.831486124459534,-57793.672686941965,-32991.630917968745,-14.845339262662057,-8.47449090939045,7,10000,70
mv_feeder,m1,static_gaussian,independent,-46060.58671875,-11.831486124459534,-63436.33563337054,-30252.674709821433,-16.294758236921346,-7.770940983505427,3,10000,70
mv_feeder,m1,static_gaussian,independent,-46060.58671875,-11.831486124459534,-52781.1874609375,-36595.079921875,-13.557792715271058,-9.400101283184478,14,10000,70
mv_feeder,m2,conditional_low_rank,independent,-38887.803348214286,-9.989028340655567,-53359.781397879466,-21344.66897042411,-13.70641493585622,-5.482760272116748,7,10000,70
mv_feeder,m2,conditional_low_rank,independent,-38887.803348214286,-9.989028340655567,-60654.42153180803,-18183.027220982156,-15.58017382062084,-4.670635998719707,3,10000,70
mv_feeder,m2,conditional_low_rank,independent,-38887.803348214286,-9.989028340655567,-47732.57875837054,-25620.03748325893,-12.26096721690586,-6.580965199225712,14,10000,70
mv_feeder,m3,set_aware_low_rank,independent,-39347.72589285715,-10.107167678375575,-54309.57939174107,-21526.183956473233,-13.950387550961953,-5.529385645210279,7,10000,70
mv_feeder,m3,set_aware_low_rank,independent,-39347.72589285715,-10.107167678375575,-61509.754411272326,-18531.27673549109,-15.799881380267706,-4.760090119820354,3,10000,70
mv_feeder,m3,set_aware_low_rank,independent,-39347.72589285715,-10.107167678375575,-48694.80530970982,-26083.53825055805,-12.508132329457807,-6.7000236674813936,14,10000,70
mv_feeder,m4,conditional_kernel,independent,-42637.99698660714,-10.95233270118774,-56838.63000558036,-26303.194980468754,-14.600019468465286,-6.756446430182762,7,10000,70
mv_feeder,m4,conditional_kernel,independent,-42637.99698660714,-10.95233270118774,-63461.88613839285,-23437.15676339287,-16.301321355477704,-6.020253215065416,3,10000,70
mv_feeder,m4,conditional_kernel,independent,-42637.99698660714,-10.95233270118774,-51102.60907645089,-30750.927204241074,-13.126619824093273,-7.898926061574666,14,10000,70
solar_park,m1,static_gaussian,independent,-0.0001624047789456589,-1.002783156513465,-0.0003926720759565277,0.0001201449816913477,-2.424589635592785,0.7418461744898213,7,10000,70
solar_park,m1,static_gaussian,independent,-0.0001624047789456589,-1.002783156513465,-0.0004153587312404332,0.0001298432574341338,-2.5646704629183152,0.8017290647916092,3,10000,70
solar_park,m1,static_gaussian,independent,-0.0001624047789456589,-1.002783156513465,-0.0003527363870359425,5.5825216861973855e-05,-2.1780030729724573,0.34469790569789893,14,10000,70
solar_park,m2,conditional_low_rank,independent,0.00013370792314942393,0.8255917943986331,-0.0002460172966987427,0.0005747810995671898,-1.5190562881425698,3.549038442903525,7,10000,70
solar_park,m2,conditional_low_rank,independent,0.00013370792314942393,0.8255917943986331,-0.00026884168003951864,0.0005882984272570217,-1.6599875295716584,3.632502418411177,3,10000,70
solar_park,m2,conditional_low_rank,independent,0.00013370792314942393,0.8255917943986331,-0.0002200883119699678,0.0004549983276021001,-1.3589554016360827,2.809428767460542,14,10000,70
solar_park,m3,set_aware_low_rank,independent,0.00010274730157107115,0.6344226061972423,-0.00024523715887750895,0.0005300775570296014,-1.5142392558490474,3.2730123329299343,7,10000,70
solar_park,m3,set_aware_low_rank,independent,0.00010274730157107115,0.6344226061972423,-0.0002573751510187451,0.000525396217209553,-1.5891863979199086,3.2441069722662705,3,10000,70
solar_park,m3,set_aware_low_rank,independent,0.00010274730157107115,0.6344226061972423,-0.00021461343251368296,0.00042207591776137373,-1.3251502579470351,2.606146338296212,14,10000,70
solar_park,m4,conditional_kernel,independent,0.00027989543907876527,1.728239975239094,-0.00018799710287047282,0.0008443112745382156,-1.1608052974327183,5.213277147368552,7,10000,70
solar_park,m4,conditional_kernel,independent,0.00027989543907876527,1.728239975239094,-0.00017161602420466286,0.0008206565816986503,-1.059658829734035,5.067219084036428,3,10000,70
solar_park,m4,conditional_kernel,independent,0.00027989543907876527,1.728239975239094,-0.00018733082073075428,0.0007242681224930226,-1.1566912774528308,4.472059731318321,14,10000,70
station_installation,m1,static_gaussian,independent,-264062.4607142857,-5.63938695181125,-378681.49209821434,-160508.24303571432,-8.087220953915594,-3.427856004163892,7,10000,70
station_installation,m1,static_gaussian,independent,-264062.4607142857,-5.63938695181125,-400165.5563392857,-149846.07812500003,-8.546040246992105,-3.200152022640369,3,10000,70
station_installation,m1,static_gaussian,independent,-264062.4607142857,-5.63938695181125,-334703.2517857143,-197926.48571428572,-7.148010155413348,-4.226969778043173,14,10000,70
station_installation,m2,conditional_low_rank,independent,-253276.06607142856,-5.409029883521839,-418596.62910714286,-101909.9143750001,-8.939659049124273,-2.176414774722809,7,10000,70
station_installation,m2,conditional_low_rank,independent,-253276.06607142856,-5.409029883521839,-442002.4033482143,-89736.58933035715,-9.439518883022739,-1.9164380624750403,3,10000,70
station_installation,m2,conditional_low_rank,independent,-253276.06607142856,-5.409029883521839,-351925.08928571426,-153345.21187500004,-7.515804214088973,-3.274880435378143,14,10000,70
station_installation,m3,set_aware_low_rank,independent,-245391.13392857142,-5.240637211242146,-382079.90174107143,-123619.07906250008,-8.159798272560428,-2.6400413714335627,7,10000,70
station_installation,m3,set_aware_low_rank,independent,-245391.13392857142,-5.240637211242146,-403806.2652232143,-113312.99433035715,-8.623792171226027,-2.419941931470894,3,10000,70
station_installation,m3,set_aware_low_rank,independent,-245391.13392857142,-5.240637211242146,-335946.8871875,-157373.46897321436,-7.174569552737994,-3.3609089471152345,14,10000,70
station_installation,m4,conditional_kernel,independent,-258496.95892857143,-5.520528636329328,-427748.7395982143,-101057.22366071428,-9.135113913499566,-2.1582044889010414,7,10000,70
station_installation,m4,conditional_kernel,independent,-258496.95892857143,-5.520528636329328,-448471.7646875,-92854.82196428573,-9.5776802551345,-1.9830318538360292,3,10000,70
station_installation,m4,conditional_kernel,independent,-258496.95892857143,-5.520528636329328,-361757.3950892857,-159909.09361607145,-7.725785507388295,-3.415060409901854,14,10000,70
transformer,m1,static_gaussian,independent,-3125.5375,-0.08302157062768122,-12912.872857142856,2915.8163392857114,-0.34299604017406715,0.07745088713520652,7,10000,70
transformer,m1,static_gaussian,independent,-3125.5375,-0.08302157062768122,-11922.246607142857,4966.138392857134,-0.3166826949718387,0.1319122260825307,3,10000,70
transformer,m1,static_gaussian,independent,-3125.5375,-0.08302157062768122,-14712.220669642857,3111.9103571428536,-0.39079091753491546,0.08265960190928699,14,10000,70
transformer,m2,conditional_low_rank,independent,-27657.842857142856,-0.7346568584470641,-55012.82638392857,-7538.0871875,-1.4612690662197863,-0.20022918925647906,7,10000,70
transformer,m2,conditional_low_rank,independent,-27657.842857142856,-0.7346568584470641,-55988.89111607143,-1285.330401785721,-1.4871956235966879,-0.034141375374780306,3,10000,70
transformer,m2,conditional_low_rank,independent,-27657.842857142856,-0.7346568584470641,-54996.955133928575,-9755.986785714293,-1.4608474887770024,-0.2591417790629655,14,10000,70
transformer,m3,set_aware_low_rank,independent,-17371.776785714286,-0.4614349363743142,-44641.3090625,1673.8576339285285,-1.1857773595076617,0.04446156546557954,7,10000,70
transformer,m3,set_aware_low_rank,independent,-17371.776785714286,-0.4614349363743142,-43338.81549107143,6415.483794642855,-1.1511800902891014,0.17041022303636216,3,10000,70
transformer,m3,set_aware_low_rank,independent,-17371.776785714286,-0.4614349363743142,-45436.03455357143,-2261.8643303571434,-1.2068871234040732,-0.060080395703908114,14,10000,70
transformer,m4,conditional_kernel,independent,362714.45892857143,9.634542588377343,284320.4651785714,475555.0507589286,7.552215146321608,12.63185207225809,7,10000,70
transformer,m4,conditional_kernel,independent,362714.45892857143,9.634542588377343,253472.989375,474465.62834821426,6.732834192357553,12.602914470366605,3,10000,70
transformer,m4,conditional_kernel,independent,362714.45892857143,9.634542588377343,315911.9821875,469707.70861607144,8.391359571258658,12.476533017510219,14,10000,70
wind_park,m1,static_gaussian,independent,-0.0006275875626930168,-0.6505103349547687,-0.0033514871877352043,0.0011161651878085481,-3.4739009863977706,1.156933364119821,7,10000,70
wind_park,m1,static_gaussian,independent,-0.0006275875626930168,-0.6505103349547687,-0.0033151528837957554,0.0012376118983541214,-3.4362395641022485,1.2828159421893288,3,10000,70
wind_park,m1,static_gaussian,independent,-0.0006275875626930168,-0.6505103349547687,-0.0035354560653546026,0.0011743025099193402,-3.664589367295443,1.2171941645687359,14,10000,70
wind_park,m2,conditional_low_rank,independent,0.0016442869922944478,1.7043449342900616,-0.0021192878957039542,0.004359165873777653,-2.196695349578285,4.518385360657663,7,10000,70
wind_park,m2,conditional_low_rank,independent,0.0016442869922944478,1.7043449342900616,-0.001907068191628371,0.004233254899403877,-1.9767242743993443,4.3878754604084245,3,10000,70
wind_park,m2,conditional_low_rank,independent,0.0016442869922944478,1.7043449342900616,-0.0021920711806576168,0.004507332252604618,-2.272137059932429,4.671963548874954,14,10000,70
wind_park,m3,set_aware_low_rank,independent,0.0008641892778021949,0.8957539801702724,-0.0024987134517037443,0.003219374004152736,-2.5899795069905274,3.3369623437246445,7,10000,70
wind_park,m3,set_aware_low_rank,independent,0.0008641892778021949,0.8957539801702724,-0.0023944533909005775,0.003216470888749297,-2.481911324665072,3.33395319139619,3,10000,70
wind_park,m3,set_aware_low_rank,independent,0.0008641892778021949,0.8957539801702724,-0.002587536307650485,0.0032535254852181024,-2.682046637176092,3.3723612151047795,14,10000,70
wind_park,m4,conditional_kernel,independent,0.001454520012651171,1.5076466742136805,-0.0027399910151559327,0.004208260201516428,-2.8400697862146953,4.361967825714348,7,10000,70
wind_park,m4,conditional_kernel,independent,0.001454520012651171,1.5076466742136805,-0.002695089617211904,0.0043392890116332895,-2.793528354890921,4.49778249177645,3,10000,70
wind_park,m4,conditional_kernel,independent,0.001454520012651171,1.5076466742136805,-0.0027330590681439,0.004141500156505831,-2.8328846483220467,4.29276935545946,14,10000,70
